,bio-bert,roberta
accuracy_score,18.375586148097998,0.06268963614935179
f1_score_macro,76.44376199500347,27.429925892420854
f1_score_micro,85.69837172660264,46.0182898948331
hamming_loss*,0.110315370662922,0.39472069677440924
jaccard,64.27072701754906,20.137368519109337
jaro_mean,92.14294667587588,86.06529448282737
lev_mean*,6.525314075077108,20.025727826675695
log_loss*,41.97968906919938,125.19057461972413
